n,gamma,re_rho,zeta_prime_abs,zeta_prime_re,zeta_prime_im,r_gamma_re,r_gamma_im,r_gamma_abs,r_chi_abs,abs_on_line,gamma_chi_rel,line_vs_gamma_rel,target,abs_minus_target
1,14.134725141734695,0.5,0.7931604333565061,0.783296511867031,0.12469982974817109,0.07388873636129506,0.0837993641397908,0.11172232897367573,0.11172232897367573,0.11172232897367573,1.2843713881105308e-41,1.1559342492994776e-40,0.1117,2.2328973675739272e-05
2,21.022039638771556,0.5,1.1368391068279748,1.1092955634626716,-0.24872978851649746,0.048498529970731785,0.0199145071283358,0.05242799827846288,0.05242799827846288,0.05242799827846288,3.421191144489283e-41,3.010648207150569e-40,0.05243,-2.0017215371162522e-06
3,25.01085758014569,0.5,1.37172128721613,1.2957956050088353,0.45003670943786717,0.03634336581732034,-0.003628312447843099,0.03652403167985076,0.03652403167985076,0.03652403167985076,3.6831819048441955e-42,2.946545523875356e-40,0.03652,4.031679850760583e-06
4,30.424876125859512,0.5,1.3039409504035773,1.1201308452444934,-0.6675094693494923,-0.0024499367097564353,0.031492296854497635,0.031587449264757254,0.031587449264757254,0.031587449264757254,0.0,6.814081197763531e-41,0.03159,-2.5507352427456276e-06
5,32.93506158773919,0.5,1.3821195368556258,1.1605700674935626,0.7505541503422638,-0.007646528849524921,-0.02644674083598337,0.027529974651137754,0.027529974651137754,0.027529974651137754,3.25765289845924e-42,1.303061159383696e-41,0.02753,-2.534886224536681e-08
6,37.586178158825675,0.5,1.9365079652925943,1.8534662499829555,-0.5610044204957607,0.004608265639468149,0.01658950301670822,0.017217657289691705,0.017217657289691705,0.017217657289691705,1.5626359650650382e-41,2.500217544104061e-40,0.01722,-2.3427103082937495e-06
7,40.9187190121475,0.5,1.4906107614888204,1.4595173346719907,-0.30286893544609256,0.00045567600466387017,0.020541606571769205,0.020546660097703916,0.020546660097703916,0.020546660097703916,4.6376537656714344e-42,4.015662554746089e-40,0.02055,-3.339902296083108e-06
8,43.327073280915,0.5,1.833511126245459,1.4640875741457995,1.1037257926214104,-0.006941132547027499,-0.014166608384021315,0.015775681099135703,0.015775681099135703,0.015775681099135703,2.2739582818190138e-41,1.819166625455211e-40,0.01578,-4.318900864296038e-06
9,48.00515088116716,0.5,1.5680314756251592,1.0339297984719464,-1.178860415987819,0.015016215183520493,0.007190942177513737,0.016649215231900192,0.016649215231900192,0.016649215231900192,1.5235680120292665e-41,6.463951637428811e-41,,
10,49.7738324776723,0.5,1.418932250429311,1.2608936467842435,0.6507810252362314,0.0016730324472586313,-0.017665926132612957,0.01774497065910557,0.01774497065910557,0.01774497065910557,2.1590702280669622e-41,2.6280805862476727e-40,,
11,52.970321477714464,0.5,2.4265790678464443,2.344970632667445,0.6240181923932675,0.0027607612494482134,-0.009351181879316254,0.009750200265456475,0.009750200265456475,0.009750200265456475,0.0,5.518846748277919e-41,,
12,56.44624769706339,0.5,2.367934929295201,2.2168085378914295,-0.8323915759472413,-0.003966335042052552,-0.008496225409814626,0.009376441749416126,0.009376441749416126,0.009376441749416126,0.0,5.164952358401988e-40,,
13,59.34704400260235,0.5,1.391805616760924,1.2601515126148704,-0.5908815787462921,0.0064117321182488585,-0.013751535686795005,0.015172838973026128,0.015172838973026128,0.015172838973026128,1.1821532130700728e-41,4.255751567052262e-40,,
14,60.83177852460981,0.5,1.6541481995269909,0.8559365039821579,1.4154783527660133,-0.009164569851196427,-0.0084341721682041,0.0124549026780769,0.0124549026780769,0.0124549026780769,2.0366447180163943e-41,6.768588867592635e-40,,
15,65.1125440480816,0.5,2.2877790140227554,1.6515820757305586,-1.5831012172721204,0.007340409421035547,0.00411128518537629,0.008413339191065695,0.008413339191065695,0.008413339191065695,1.0659632243524034e-41,1.7055411589638454e-40,,
16,67.07981052949417,0.5,1.783579559212897,1.7800760754908274,0.11173723420259735,-0.0068050165661361515,-0.00796380497490898,0.010475229837276721,0.010475229837276721,0.010475229837276721,1.7122889542269652e-41,8.561444771134826e-41,,
17,69.54640171117398,0.5,2.1863110175645235,2.1120179422005902,0.5650982899875102,0.007800519221844228,-0.0026630230868112084,0.008242559802103398,0.008242559802103398,0.008242559802103398,1.6320737223023053e-41,0.0,,
18,72.0671576744819,0.5,2.964533986378066,2.784420397832221,1.017577910789383,0.0009360215043069449,0.005791025379668746,0.005866183700200035,0.005866183700200035,0.005866183700200035,2.1620710370737778e-41,4.586445275165699e-40,,
19,75.70469069908393,0.5,1.7795559953090005,0.9757569742268686,-1.4881928193913025,0.008794555944252349,-0.0030329530411849688,0.009302850015270453,0.009302850015270453,0.009302850015270453,2.155656723935011e-41,5.591426166212892e-40,,
20,77.1448400688748,0.5,1.4575425905002102,1.3681211817005665,0.502667718581877,-0.0007288823564113605,-0.011122235821665938,0.011146093448479461,0.011146093448479461,0.011146093448479461,4.894279894972738e-41,8.046146583224885e-41,,
21,79.33737502024937,0.5,2.6378862095740034,1.9673676408202183,1.7572444965098601,0.003263476097070994,0.005021130638225842,0.005988491389514055,0.005988491389514055,0.005988491389514055,0.0,1.4975908936568707e-40,,
22,82.91038085408603,0.5,2.6268735592159773,2.0103919192946273,-1.6907953829316194,0.004337077520775864,-0.0037819935120703492,0.005754451871947626,0.005754451871947626,0.005754451871947626,2.2040510822908514e-41,6.233997865477641e-41,,
23,84.73549298051705,0.5,2.16177883513602,2.15519310618321,0.16861318780693096,-0.006762577376970437,0.0010387178172865247,0.006841884790279711,0.006841884790279711,0.006841884790279711,3.2769881569842194e-42,2.7526700518667443e-40,,
24,87.42527461312523,0.5,1.8004434970398635,1.7198208831227326,-0.5327409464346403,-0.005495708301165412,-0.005761490132118857,0.007962259621112676,0.007962259621112676,0.007962259621112676,2.2527047844304186e-41,6.758114353291256e-40,,
25,88.80911120763446,0.5,2.176460781293764,1.150191361839592,1.847712467798885,-0.005920923629804627,0.002642961335788641,0.006484025081109146,0.006484025081109146,0.006484025081109146,1.9560544133779367e-41,1.2033312258603896e-39,,
26,92.49189927055849,0.5,3.0050833841095375,2.179850147576858,-2.068521085113802,0.00403348399564852,0.0020157672215312633,0.004509136351293075,0.004509136351293075,0.004509136351293075,0.0,1.1137950385332492e-39,,
27,94.65134404051989,0.5,1.4794021829452775,1.273628443220134,-0.7526628777373774,-0.008865066838485073,0.001232743923686541,0.008950366899306074,0.008950366899306074,0.008950366899306074,2.065685716414594e-41,6.212429466854561e-40,,
28,95.87063422824531,0.5,1.6935597445291009,0.9845839251644566,1.3779474237420037,-0.004829193711908844,0.006021937714578832,0.007719122083851689,0.007719122083851689,0.007719122083851689,1.6430762123700165e-41,6.0415177252203616e-40,,
29,98.83119421819369,0.5,3.5157670735552755,3.513562437071261,0.12448741421238858,-0.0020459908721842455,0.0029705246845611703,0.003606951004747429,0.003606951004747429,0.003606951004747429,2.779875740033916e-41,1.2431982247436739e-40,,
30,101.31785100573138,0.5,3.154647299576245,3.0449104975449957,-0.8248149166109816,-0.0035383985018179807,-0.0016898123824603513,0.003921189850744804,0.003921189850744804,0.003921189850744804,2.2871400041942263e-41,1.3265412024326513e-39,,
31,103.72553804047834,0.5,2.167414573753041,1.9181860435388025,-1.0090828691886666,0.0027373509179314816,-0.00485643971707073,0.005574773248612212,0.005574773248612212,0.005574773248612212,8.043654666951168e-42,4.8261928001707004e-40,,
32,105.44662305232609,0.5,1.8736854760574841,1.8211482627540634,0.4405862778805282,-0.00594270282498088,0.0022189349545686256,0.006343452466807188,0.006343452466807188,0.006343452466807188,2.5487463134194975e-41,1.4137900801821244e-40,,
33,107.1686111842764,0.5,2.9824971541209173,1.7501537068394581,2.4150054403200576,0.003714792824813513,0.0012551154960328932,0.003921096866906996,0.003921096866906996,0.003921096866906996,2.0616490280537263e-41,2.9733525130632825e-40,,
34,111.02953554316967,0.5,1.5908457594888537,0.23129777527349576,-1.5739414123903086,-0.006806788516600945,-0.0020037779018425767,0.007095596929761663,0.007095596929761663,0.007095596929761663,0.0,2.780637425293569e-40,,
35,111.87465917699264,0.5,1.3611507768931483,1.193515578837384,0.6544096580195666,-0.006504326584487363,-0.005043033785836238,0.008230337422168962,0.008230337422168962,0.008230337422168962,2.4365648889631863e-41,6.973855645837967e-40,,
36,114.32022091545271,0.5,2.5462784089853314,2.531203644208371,0.2766619735546103,0.0020060953150331426,-0.0038096179819615086,0.004305532206531778,0.004305532206531778,0.004305532206531778,1.041486829209326e-41,7.498705170307148e-40,,
37,116.22668032085755,0.5,3.119005986211207,2.7706794068015377,1.43231769057958,-0.0016294252377516425,0.003049216488016929,0.0034572746197281306,0.0034572746197281306,0.0034572746197281306,6.485101097048569e-42,1.322960623797908e-39,,
38,118.79078286597621,0.5,3.887616998927384,3.851762238253166,-0.5267766038047982,-0.0026936062341267274,0.00033106514737412263,0.002713875213846838,0.002713875213846838,0.002713875213846838,0.0,1.6523070268522987e-40,,
39,121.37012500242065,0.5,2.2949395203333562,1.6002242219041123,-1.6450014716161425,-0.0032701625503543607,-0.003090691166736309,0.00449959275867072,0.00449959275867072,0.00449959275867072,0.0,1.3553339699442537e-39,,
40,122.94682929355258,0.5,1.5591455986677571,1.5591385084859497,0.004702042242178823,-0.001506211716489528,0.006362250533899143,0.006538111775657422,0.006538111775657422,0.006538111775657422,3.429243212493505e-42,6.0354680539885685e-40,,
41,124.25681855434577,0.5,2.3159363630755347,0.8537247685917665,2.152838883267503,0.0036287152821056043,0.002408385479718428,0.004355214715430838,0.004355214715430838,0.004355214715430838,2.9121654625705653e-41,1.0090138537952438e-39,,
42,127.5166838795965,0.5,3.9384177785437524,3.3558903099109436,-2.0613429666591965,0.0016166557071272372,-0.00190111494457416,0.0024955587967167353,0.0024955587967167353,0.0024955587967167353,1.2705677274608018e-41,6.648360214727924e-40,,
43,129.57870419995606,0.5,2.34394324442839,2.032664682228034,-1.167195023431942,-0.00035528802891401625,0.004111120589235357,0.004126444242047198,0.004126444242047198,0.004126444242047198,2.7167185734313654e-41,6.520124576235277e-40,,
44,131.08768853093267,0.5,2.319646831720941,2.192547094790934,0.757296943765677,0.0039805143086247595,-0.0010694170702768182,0.0041216679914041965,0.0041216679914041965,0.0041216679914041965,2.432722774978369e-41,1.9583040582948806e-40,,
45,133.4977372029976,0.5,2.2892664242911436,2.2446744358654205,-0.44964145533860145,0.002000734158354538,0.003579807562191288,0.004100970538144425,0.004100970538144425,0.004100970538144425,1.0934375275635047e-41,7.435375187431832e-40,,
46,134.75650975337388,0.5,2.8175323730309136,1.480830855127906,2.397004099199325,0.003298663295074232,-0.00012271088044708652,0.0033009449396271496,0.0033009449396271496,0.0033009449396271496,1.6485155062520979e-41,1.1546790063678023e-39,,
47,138.11604205453344,0.5,3.1597870987941756,1.6772315364290145,-2.6779000882994275,-0.0010816392061118126,-0.0026603248223185127,0.002871806318755187,0.002871806318755187,0.002871806318755187,2.208210524770765e-41,1.5614406363529125e-40,,
48,139.7362089521214,0.5,1.8014984768443536,1.6745083428654894,-0.6643933862903807,-0.001990608503835509,0.004563413470051499,0.004978681021534691,0.004978681021534691,0.004978681021534691,1.8013425911175016e-41,9.006712955587508e-41,,
49,141.12370740402113,0.5,2.018147575840671,1.6558837669513382,1.1536761192893887,0.004021038146542728,0.0017876959088018794,0.004400523200518178,0.004400523200518178,0.004400523200518178,5.0950249339798823e-42,2.4456119683103433e-40,,
50,143.11184580762063,0.5,3.7497578249652035,2.9854907043185244,2.268816651983023,-0.002332256361808778,0.0001229051464367418,0.002335492541674701,0.002335492541674701,0.002335492541674701,7.200015102527338e-42,6.52801369295812e-40,,
51,146.0009824867655,0.5,3.2479356811028706,2.4019772630781726,-2.186227667978945,-0.002359359820757547,0.001191123291721215,0.0026429819257584542,0.0026429819257584542,0.0026429819257584542,1.896886901848739e-41,1.0858414228896645e-39,,
52,147.42276534255961,0.5,2.8171959955254944,2.7796446436250726,0.4584418527701476,0.0017235087775629165,0.002477099272070799,0.0030176983464273066,0.0030176983464273066,0.0030176983464273066,0.0,6.240998668015548e-40,,
53,150.05352042078488,0.5,1.6201641894629866,1.060497403361304,-1.224858056381305,0.0009244497559281833,0.0050717167558409085,0.005155280613382079,0.005155280613382079,0.005155280613382079,2.6184984689264043e-41,1.1133668446631765e-39,,
54,150.92525761224147,0.5,1.582216990833738,0.9834288732296181,1.2394669246822574,0.00013200544986403207,0.005246771806313994,0.005248432130296172,0.005248432130296172,0.005248432130296172,5.3398745741073e-42,1.0423435168657449e-39,,
55,153.0246938111989,0.5,4.241970061210363,3.2514085501221652,2.7244545216240135,-0.0015644814316407285,-0.0011314749744198904,0.0019307609297080557,0.0019307609297080557,0.0019307609297080557,0.0,7.78031050163909e-40,,
56,156.11290929423788,0.5,3.095738538526666,1.3866849461124573,-2.767797311788619,-0.0021830949743161993,0.0013997709921754519,0.0025933111069481223,0.0025933111069481223,0.0025933111069481223,1.7291234645258154e-41,8.299792629723914e-40,,
57,157.59759181759406,0.5,1.7431296399396334,1.63553326262457,-0.602936056713069,0.003775764049848699,0.0025607956173907607,0.004562243785044545,0.004562243785044545,0.004562243785044545,1.3900074693436122e-41,1.4153525387608611e-39,,
58,158.8499881714205,0.5,2.135779999367715,1.5359636225512479,1.4840390681846638,0.0030811366545489996,-0.002037967967593837,0.0036941462506165017,0.0036941462506165017,0.0036941462506165017,1.2138542390115366e-41,0.0,,
59,161.18896413759603,0.5,3.590702840290745,3.5632706887938443,0.4429998709420402,0.0015761375570911883,0.0014848752092326886,0.0021654246664031514,0.0021654246664031514,0.0021654246664031514,1.0353985422378508e-41,2.0707970844757017e-40,,
60,163.030709687182,0.5,4.114423277641729,3.9630632841819633,1.105716199198047,-0.001475234508721173,-0.0011466284680092082,0.0018684415161762341,0.0018684415161762341,0.0018684415161762341,1.6970167070458753e-41,1.175972580912223e-39,,
